country,year,tfp,digital_economy,ai,human_capital,investment,trade_openness,fdi,institutional_quality,energy
DEMO_A,2019,0.9,25,12,1.6,18,45,1.5,-0.4,100
DEMO_A,2020,0.915,27,13.5,1.63,18.2,45.7,1.6,-0.35,103
DEMO_A,2021,0.93,29,15,1.66,18.4,46.4,1.7,-0.3,106
DEMO_A,2022,0.945,31,16.5,1.69,18.6,47.1,1.8,-0.25,109
DEMO_A,2023,0.96,33,18,1.72,18.8,47.8,1.9,-0.2,112
DEMO_B,2019,0.975,35,19.5,1.75,19,48.5,2,-0.15,115
DEMO_B,2020,0.99,37,21,1.78,19.2,49.2,2.1,-0.1,118
DEMO_B,2021,1.005,39,22.5,1.81,19.4,49.9,2.2,-0.05,121
DEMO_B,2022,1.02,41,24,1.84,19.6,50.6,2.3,0,124
DEMO_B,2023,1.035,43,25.5,1.87,19.8,51.3,2.4,0.05,127
DEMO_C,2019,1.05,45,27,1.9,20,52,2.5,0.1,130
DEMO_C,2020,1.065,47,28.5,1.93,20.2,52.7,2.6,0.15,133
DEMO_C,2021,1.08,49,30,1.96,20.4,53.4,2.7,0.2,136
DEMO_C,2022,1.095,51,31.5,1.99,20.6,54.1,2.8,0.25,139
DEMO_C,2023,1.11,53,33,2.02,20.8,54.8,2.9,0.3,142
