country,year,digital_economy,ai,human_capital,trade_openness,tfp
Iran,2019,38.55,23.86,55.65,48.05,0.8192
Iran,2020,40.24,27.58,56.57,45.26,0.8428
Iran,2021,42.49,27.53,56.84,43.57,0.8284
Iran,2022,44.88,28.99,57.71,46.78,0.8448
Iran,2023,49.61,31.77,58.27,46.95,0.8810
Türkiye,2019,55.12,42.85,57.38,46.80,0.9346
Türkiye,2020,56.84,47.85,57.79,47.08,0.9648
Türkiye,2021,58.66,48.21,56.64,47.74,0.9664
Türkiye,2022,63.31,50.17,59.28,51.00,0.9733
Türkiye,2023,64.21,51.54,61.26,53.49,0.9783
Malaysia,2019,68.36,57.61,58.32,52.22,1.1106
Malaysia,2020,71.52,59.16,59.49,52.86,1.1253
Malaysia,2021,72.47,61.81,59.49,51.01,1.1345
Malaysia,2022,76.99,63.93,62.40,55.32,1.1436
Malaysia,2023,78.40,67.54,62.16,58.93,1.1410
Brazil,2019,59.90,47.09,60.70,54.18,0.9935
Brazil,2020,61.26,49.36,63.28,54.16,1.0161
Brazil,2021,63.45,51.92,62.93,55.34,1.0445
Brazil,2022,66.61,53.97,62.70,56.94,1.0538
Brazil,2023,67.39,55.30,64.46,58.81,1.0626
South Africa,2019,50.44,40.58,62.66,55.40,0.9619
South Africa,2020,54.94,44.89,63.97,58.72,0.9901
South Africa,2021,54.89,44.97,64.66,64.33,0.9889
South Africa,2022,59.83,46.97,64.23,62.89,1.0231
South Africa,2023,62.87,48.09,67.60,59.00,1.0370
Indonesia,2019,52.41,42.01,64.43,60.20,0.9208
Indonesia,2020,50.79,45.07,64.74,62.15,0.9189
Indonesia,2021,56.70,46.22,66.28,64.03,0.9407
Indonesia,2022,57.75,50.31,65.79,63.97,0.9720
Indonesia,2023,60.86,49.76,66.88,65.84,0.9830
